Model,Accuracy,Precision,Recall,F1,ROC-AUC,CV F1 (mean±std),Train Time (s)
Logistic Regression,0.8523902139420616,0.7413793103448276,0.5885372112917023,0.6561754887935145,0.9042148127759706,0.657±0.008,0.1811518669128418
Decision Tree,0.8606817483877572,0.7694429123000551,0.5966638152266894,0.6721271982654782,0.9041085600872768,0.663±0.010,0.1790299415588379
Random Forest,0.8602722898966118,0.7968273337400854,0.5585970915312233,0.6567764646718632,0.9107149332455684,0.646±0.013,0.3071410655975342
Gradient Boosting,0.8747057017094892,0.7931578947368421,0.6445680068434559,0.7111845210004719,0.9275446166321258,0.708±0.009,7.210863828659058
