Algorithm,R² (raw),R² (polynomial),Gain
LinearRegression,0.9549798693272294,0.9542532092104682,-0.0007266601167612574
Ridge,0.9549818468039071,0.9542814422182818,-0.0007004045856252583
DecisionTree,0.8792360891871961,0.8893681417910881,0.01013205260389205
RandomForest,0.9144196598322136,0.9146304186159129,0.00021075878369924972
