Degree,Features,Train R²,Test R²,Gap
1,2,0.9629559259926475,0.9549798693272294,0.007976056665418008
2,5,0.9631664799399776,0.9542532092104682,0.008913270729509426
3,9,0.9636710340875312,0.9483390918913225,0.015331942196208703
4,14,0.9641267564495587,0.9495655149655116,0.014561241484047138
5,20,0.9653797926750678,0.8979569451684546,0.0674228475066132
