Scaling,R²
No scaling,0.9549798693272294
StandardScaler,0.9549798693272294
MinMaxScaler,0.9549798693272294
