Scaling,R²
No scaling,0.906476602628073
StandardScaler,0.9114286716169488
MinMaxScaler,0.9030622644645302
