{"scores": [0.5476190476190477, 0.5263157894736842, 0.6, 0.6486486486486487, 0.547945205479452], "mean_f1": 0.5741057382441666}