{
  "uniform_loss": 4.174387269895637,
  "uniform_perplexity": 65,
  "random_initial_loss": 4.570921087265015,
  "random_initial_perplexity": 96.63307628954145,
  "random_post_warmup_loss": 2.6610037088394165,
  "random_post_warmup_perplexity": 14.310645614092243,
  "pretrained_loss": null,
  "pretrained_perplexity": null,
  "warmup_steps": 40,
  "learning_rate": 0.0003
}